district,air_quality_index,pm2_5,pm10,no2,noise_level_db,green_coverage_pct
Ворошиловский,3,5.1,7.6,3.1,37.5,15.3
Железнодорожный,3,5.1,7.6,3.1,44.6,41.6
Кировский,3,5.1,7.6,3.1,43.1,48.9
Ленинский,3,5.1,7.6,3.1,50.8,36.3
Октябрьский,3,5.1,7.6,3.1,51.5,20.5
Первомайский,3,5.1,7.6,3.1,43.9,10.0
Пролетарский,3,5.1,7.6,3.1,47.3,31.1
Советский,3,5.1,7.6,3.1,49.6,25.8
