district,lat,lon,population,zone_source,zone_type,zone_orig_name,schools_count,schools_per_1000,kindergartens_count,kindergartens_per_1000,hospitals_count,hospitals_per_1000,clinics_count,clinics_per_1000,pharmacies_count,pharmacies_per_1000,cafes_count,cafes_per_1000,restaurants_count,restaurants_per_1000,banks_count,banks_per_1000,libraries_count,libraries_per_1000,cinemas_count,cinemas_per_1000,theatres_count,theatres_per_1000,post_offices_count,post_offices_per_1000,culture_count,culture_per_1000,shops_count,shops_per_1000,supermarkets_count,supermarkets_per_1000,malls_count,malls_per_1000,parks_count,parks_per_1000,playgrounds_count,playgrounds_per_1000,fitness_count,fitness_per_1000,sport_fields_count,sport_fields_per_1000,bus_stops_count,bus_stops_per_1000,air_quality_index,pm2_5,pm10,no2,noise_level_db,green_coverage_pct,review_count,avg_rating,avg_sentiment,positive_share,negative_share,top_problem_1,top_problem_2,top_problem_3,infrastructure_score,education_score,healthcare_score,transport_score,ecology_score,safety_score,leisure_score,social_score,total_index,grade,cluster,pca_1,pca_2
Ленинский,47.209717,39.713232,152228,preset,district,Ленинский,3,0.02,2,0.013,4,0.026,2,0.013,18,0.118,45,0.296,24,0.158,22,0.145,1,0.007,1,0.007,1,0.007,6,0.039,1,0.007,30,0.197,11,0.072,5,0.033,21,0.138,18,0.118,1,0.007,13,0.085,58,0.381,3,5.1,7.6,3.1,50.8,36.3,292,3.96,0.947,0.932,0.038,Магазины,Медицина,Транспорт,70.8,66.1,82.8,93.8,75.9,93.2,72.4,89.0,81.3,A,3,2.6828526662087553,1.357306727372772
Железнодорожный,47.20004,39.671926,287715,preset,district,Железнодорожный,2,0.007,4,0.014,1,0.003,2,0.007,10,0.035,6,0.021,1,0.003,3,0.01,2,0.007,1,0.003,0,0.0,6,0.021,0,0.0,11,0.038,7,0.024,2,0.007,4,0.014,13,0.045,0,0.0,10,0.035,27,0.094,3,5.1,7.6,3.1,44.6,41.6,92,4.01,0.924,0.88,0.033,Медицина,Магазины,Транспорт,62.1,95.0,63.9,44.6,78.2,86.9,54.0,87.7,71.2,A,2,1.2943650526396833,1.26267750294142
Советский,47.21396,39.608236,195346,preset,district,Советский,5,0.026,4,0.02,3,0.015,7,0.036,18,0.092,10,0.051,4,0.02,8,0.041,0,0.0,0,0.0,0,0.0,1,0.005,0,0.0,20,0.102,9,0.046,0,0.0,6,0.031,35,0.179,7,0.036,13,0.067,36,0.184,3,5.1,7.6,3.1,49.6,25.8,125,4.05,0.948,0.904,0.008,Медицина,Магазины,Транспорт,59.6,18.6,97.3,62.3,71.9,93.6,69.0,90.1,71.0,A,3,1.799515879450011,0.19172473382706362
Ворошиловский,47.306339,39.699659,18007,preset,district,Ворошиловский,3,0.167,2,0.111,0,0.0,1,0.056,2,0.111,2,0.111,2,0.111,4,0.222,0,0.0,0,0.0,0,0.0,1,0.056,0,0.0,5,0.278,4,0.222,1,0.056,2,0.111,10,0.555,1,0.056,11,0.611,15,0.833,3,5.1,7.6,3.1,37.5,15.3,88,4.03,0.955,0.92,0.011,Освещение,Магазины,Транспорт,53.9,56.8,27.5,81.2,68.1,73.8,41.5,90.4,64.7,B,2,0.5340395581363732,-0.44333025716482893
Первомайский,47.289827,39.770885,236323,preset,district,Первомайский,2,0.008,5,0.021,3,0.013,4,0.017,8,0.034,1,0.004,2,0.008,1,0.004,0,0.0,0,0.0,0,0.0,3,0.013,0,0.0,11,0.047,7,0.03,1,0.004,0,0.0,6,0.025,0,0.0,7,0.03,45,0.19,3,5.1,7.6,3.1,43.9,10.0,62,4.03,0.944,0.903,0.016,Медицина,Магазины,Транспорт,53.7,16.5,86.2,63.5,57.3,88.8,29.7,89.5,62.7,B,0,1.1852253715712537,-2.1978477117480755
Кировский,47.203545,39.751953,11193,preset,district,Кировский,1,0.089,1,0.089,0,0.0,0,0.0,0,0.0,0,0.0,13,1.161,0,0.0,0,0.0,0,0.0,1,0.089,0,0.0,0,0.0,1,0.089,1,0.089,0,0.0,12,1.072,4,0.357,3,0.268,35,3.127,12,1.072,3,5.1,7.6,3.1,43.1,48.9,13,3.62,0.731,0.538,0.077,Магазины,Транспорт,Озеленение,26.5,40.3,18.3,49.6,85.3,47.7,61.3,55.3,48.4,C,1,-2.9210567661861226,1.7043347955093406
Октябрьский,47.290525,39.66574,220361,preset,district,Октябрьский,0,0.0,0,0.0,0,0.0,0,0.0,0,0.0,3,0.014,3,0.014,0,0.0,0,0.0,0,0.0,0,0.0,1,0.005,0,0.0,7,0.032,0,0.0,0,0.0,0,0.0,0,0.0,0,0.0,0,0.0,24,0.109,3,5.1,7.6,3.1,51.5,20.5,41,3.73,0.927,0.854,0.0,Магазины,Транспорт,Озеленение,35.8,11.4,18.3,40.8,54.4,65.5,24.9,80.0,44.4,C,0,-1.618100644157554,-2.498133269722394
Пролетарский,47.212228,39.780142,14795,preset,district,Пролетарский,0,0.0,1,0.068,0,0.0,0,0.0,0,0.0,1,0.068,11,0.743,0,0.0,0,0.0,0,0.0,0,0.0,0,0.0,0,0.0,2,0.135,0,0.0,0,0.0,38,2.568,28,1.893,0,0.0,23,1.555,11,0.743,3,5.1,7.6,3.1,47.3,31.1,18,3.83,0.778,0.611,0.056,Магазины,Транспорт,Озеленение,26.8,22.7,18.3,5.0,77.5,66.9,56.9,59.1,41.2,C,1,-2.9568411176623988,0.623267478984702
